{
    "average_mape": 36.285283053918626,
    "individual_mapes": {
        "ICT": 4.312665077551121,
        "U06, U06A, U05B": 3.354359621782807,
        "OBS": 153.35801552290013,
        "U05, U04, U04B, GEO": 3.552987062181334,
        "TEG": 26.633837066468402,
        "LIB": 14.196403384472198,
        "MEK": 9.154417763002575,
        "SOC": 4.316769803422549,
        "S01": 120.25213959872359,
        "D04": 23.721235638681524
    }
}