{
    "average_mape": 76.46212919647135,
    "individual_mapes": {
        "ICT": 55.510352264324816,
        "U06, U06A, U05B": 15.472780658308881,
        "OBS": 60.86380687577277,
        "U05, U04, U04B, GEO": 47.86586453549101,
        "TEG": 113.90270324933573,
        "LIB": 61.60618343383734,
        "MEK": 37.22439068278837,
        "SOC": 81.53361299884494,
        "S01": 212.76263952275843,
        "D04": 77.87895774325129
    }
}