{
    "average_mape": 85.49461259610767,
    "individual_mapes": {
        "ICT": 55.29753649012612,
        "U06, U06A, U05B": 15.396546633271937,
        "OBS": 65.6055505846646,
        "U05, U04, U04B, GEO": 51.00219815946214,
        "TEG": 141.17781684858465,
        "LIB": 62.12542835549849,
        "MEK": 82.82012644231004,
        "SOC": 85.46563162724254,
        "S01": 216.40960483205615,
        "D04": 79.64568598785998
    }
}