{
    "average_mape": 28.930916083634862,
    "individual_mapes": {
        "ICT": 3.8945799180703107,
        "U06, U06A, U05B": 2.5719487683620033,
        "OBS": 98.37442177351784,
        "U05, U04, U04B, GEO": 3.0140172694592784,
        "TEG": 42.961592275440466,
        "LIB": 9.993504510088929,
        "MEK": 9.27103214419775,
        "SOC": 3.781337677413326,
        "S01": 94.38048827893971,
        "D04": 21.066238220859045
    }
}