{
    "average_mape": 84.24192093558673,
    "individual_mapes": {
        "ICT": 55.443791990638545,
        "U06, U06A, U05B": 15.471426806674893,
        "OBS": 62.968800296376436,
        "U05, U04, U04B, GEO": 50.8990357101286,
        "TEG": 130.5025150679864,
        "LIB": 61.635953870234694,
        "MEK": 82.33179858163994,
        "SOC": 85.02386410082799,
        "S01": 218.3794411771876,
        "D04": 79.7625817541723
    }
}