{
    "average_mape": 33.46441823062629,
    "individual_mapes": {
        "ICT": 3.7573082322507183,
        "U06, U06A, U05B": 2.5669999505186074,
        "OBS": 130.0594834639361,
        "U05, U04, U04B, GEO": 3.0584053814228023,
        "TEG": 48.06014042923766,
        "LIB": 10.065227540685335,
        "MEK": 8.980007992934157,
        "SOC": 3.8362824390766415,
        "S01": 101.91510372073591,
        "D04": 22.345223155464982
    }
}