{
    "average_mape": 78.03498587288058,
    "individual_mapes": {
        "ICT": 55.32932476807315,
        "U06, U06A, U05B": 15.476334384399431,
        "OBS": 66.98795136203596,
        "U05, U04, U04B, GEO": 47.035730379656485,
        "TEG": 127.84515447205065,
        "LIB": 61.846539400784195,
        "MEK": 34.27714738687698,
        "SOC": 81.6128461119927,
        "S01": 212.96849040821007,
        "D04": 76.97034005472621
    }
}